Root_Cause1,Root_Cause2,value
Environment,Environment,Low
Database,Database,Low
Existing Production Defect,Existing,Low
User Documentation,User Documentation,Low
Code,Code,Low
Design,Design,Medium
Data,Data,Low
Build/Package,Build,Low
Test Process,Testing,Low
Requirements,Requirements,High
Environmental,Environment,Low
Deferred,Deferred,Low
DataBase,Database,Low
code,Code,Low
data,Data,Low
National Language Support - Multi-lingual issues,National Language Support - Multi-lingual issues,Low
New Production Defect,New Production Defect,Medium
COde,Code,Low
