projectName,application,phase,defectId,severity,rootCause,openDate,closedDate,status
Seamless Switch Enhancement,BRS 43.0,SFT,4300231,3-Medium,Code,3/10/2017,3/30/2017,Closed
Seamless Switch Enhancement,BRS 43.0,SFT,4300249,3-Medium,Requirements,3/13/2017,3/15/2017,Closed
Seamless Switch Enhancement,BRS 43.0,SFT,4300256,3-Medium,Environment,3/13/2017,3/29/2017,Closed
Seamless Switch Enhancement,BRS 43.0,SFT,4300262,3-Medium,User Documentation,3/13/2017,3/13/2017,Closed
Seamless Switch Enhancement,BRS 43.0,SFT,4300264,3-Medium,Code,3/13/2017,3/15/2017,Closed
Seamless Switch Enhancement,BRS 43.0,SFT,4300280,3-Medium,Environment,3/13/2017,3/17/2017,Closed
Seamless Switch Enhancement,BRS 43.0,SFT,4300281,3-Medium,User Documentation,3/13/2017,3/15/2017,Closed
Seamless Switch Enhancement,BRS 43.0,SFT,4300283,2-High,Environment,3/13/2017,3/14/2017,Closed
Seamless Switch Enhancement,BRS 43.0,SFT,4300299,3-Medium,Existing Production Defect,3/14/2017,3/14/2017,Closed
Seamless Switch Enhancement,BRS 43.0,SFT,4300321,3-Medium,Code,3/14/2017,3/20/2017,Closed
Seamless Switch Enhancement,BRS 43.0,SFT,4300325,3-Medium,Code,3/14/2017,3/16/2017,Closed
Seamless Switch Enhancement,BRS 43.0,SFT,4300352,2-High,Code,3/14/2017,3/17/2017,Closed
Seamless Switch Enhancement,BRS 43.0,SFT,4300336,3-Medium,Code,3/15/2017,3/20/2017,Closed
Seamless Switch Enhancement,BRS 43.0,SFT,4300346,3-Medium,Code,3/15/2017,3/17/2017,Closed
Seamless Switch Enhancement,BRS 43.0,SFT,4300351,3-Medium,User Documentation,3/15/2017,3/15/2017,Closed
Seamless Switch Enhancement,BRS 43.0,SFT,4300357,3-Medium,Code,3/15/2017,3/17/2017,Closed
Seamless Switch Enhancement,BRS 43.0,SFT,4300361,3-Medium,Build/Package,3/15/2017,3/29/2017,Closed
Seamless Switch Enhancement,BRS 43.0,SFT,4300365,3-Medium,Database,3/15/2017,3/16/2017,Closed
Seamless Switch Enhancement,BRS 43.0,SFT,4300366,3-Medium,Code,3/15/2017,3/20/2017,Closed
Seamless Switch Enhancement,BRS 43.0,SFT,4300367,3-Medium,Code,3/15/2017,3/20/2017,Closed
