projectName,application,phase,defectId,severity,rootCause,openDate,closedDate,status
Performance Enhancements,BRS R46.0,SFT,4600739,3-Medium,Environment,1/16/2018,1/19/2018,Closed
Performance Enhancements,BRS R46.0,SFT,4600784,3-Medium,User Documentation,1/17/2018,1/18/2018,Closed
Performance Enhancements,BRS R46.0,SFT,4600836,3-Medium,User Documentation,1/18/2018,1/19/2018,Closed
Performance Enhancements,BRS R46.0,SFT,4600846,3-Medium,Code,1/18/2018,1/20/2018,Closed
Performance Enhancements,BRS R46.0,SFT,4600854,3-Medium,Code,1/18/2018,1/23/2018,Closed
Performance Enhancements,BRS R46.0,SFT,4600855,3-Medium,Code,1/18/2018,2/5/2018,Closed
Performance Enhancements,BRS R46.0,SFT,4600881,3-Medium,User Documentation,1/19/2018,1/22/2018,Closed
Performance Enhancements,BRS R46.0,SFT,4600894,3-Medium,User Documentation,1/19/2018,1/31/2018,Closed
Performance Enhancements,BRS R46.0,SFT,4600929,3-Medium,Code,1/20/2018,1/22/2018,Closed
Performance Enhancements,BRS R46.0,SFT,4600933,3-Medium,Code,1/20/2018,1/23/2018,Closed
Performance Enhancements,BRS R46.0,SFT,4600938,3-Medium,Code,1/20/2018,1/29/2018,Closed
Performance Enhancements,BRS R46.0,SFT,4600940,3-Medium,User Documentation,1/20/2018,1/24/2018,Closed
Performance Enhancements,BRS R46.0,SFT,4600943,3-Medium,Code,1/20/2018,1/29/2018,Closed
