projectName,application,phase,defectId,severity,rootCause,openDate,closedDate,status
TV Unbundling BBM,BRS 39.0,E2E,3900315,3-Medium,Environment,1/19/2016,1/20/2016,Closed
TV Unbundling BBM,BRS 39.0,E2E,3900316,2-High,User Documentation,1/19/2016,1/20/2016,Closed
TV Unbundling BBM,BRS 39.0,E2E,3900340,3-Medium,Code,1/19/2016,1/28/2016,Closed
TV Unbundling BBM,BRS 39.0,E2E,3900343,3-Medium,Code,1/19/2016,1/29/2016,Closed
TV Unbundling BBM,BRS 39.0,E2E,3900348,3-Medium,Code,1/19/2016,1/20/2016,Closed
TV Unbundling BBM,BRS 39.0,E2E,3900349,3-Medium,Code,1/19/2016,1/22/2016,Closed
TV Unbundling BBM,BRS 39.0,E2E,3900351,2-High,Code,1/19/2016,1/22/2016,Closed
TV Unbundling BBM,BRS 39.0,E2E,3900406,2-High,Code,1/21/2016,1/22/2016,Closed
TV Unbundling BBM,BRS 39.0,E2E,3900407,2-High,Code,1/21/2016,1/22/2016,Closed
TV Unbundling BBM,BRS 39.0,E2E,3900436,2-High,Code,1/21/2016,2/5/2016,Closed
TV Unbundling BBM,BRS 39.0,E2E,3900445,2-High,Code,1/22/2016,1/22/2016,Closed
TV Unbundling BBM,BRS 39.0,E2E,3900447,2-High,Code,1/22/2016,1/25/2016,Closed
TV Unbundling BBM,BRS 39.0,E2E,3900465,2-High,User Documentation,1/22/2016,1/22/2016,Closed
TV Unbundling BBM,BRS 39.0,E2E,3900467,2-High,User Documentation,1/22/2016,1/22/2016,Closed
TV Unbundling BBM,BRS 39.0,E2E,3900499,2-High,Code,1/22/2016,1/29/2016,Closed
TV Unbundling BBM,BRS 39.0,E2E,3900500,3-Medium,Code,1/22/2016,1/29/2016,Closed
TV Unbundling BBM,BRS 39.0,E2E,3900575,2-High,Data,1/25/2016,1/28/2016,Closed
TV Unbundling BBM,BRS 39.0,E2E,3900594,3-Medium,Existing Production Defect,1/25/2016,1/29/2016,Closed
TV Unbundling BBM,BRS 39.0,E2E,3900606,2-High,Code,1/25/2016,1/29/2016,Closed
