projectName,application,phase,defectId,severity,rootCause,openDate,closedDate,status
Registration Flow Enhancement,BRS 39.0,SFT,3900847,2-High,Code,1/29/2016,2/6/2016,Closed
Registration Flow Enhancement,BRS 39.0,SFT,3900892,2-High,Code,1/30/2016,2/2/2016,Closed
Registration Flow Enhancement,BRS 39.0,SFT,3900893,2-High,Code,1/30/2016,2/6/2016,Closed
Registration Flow Enhancement,BRS 39.0,SFT,3900985,2-High,Environment,2/1/2016,2/1/2016,Closed
Registration Flow Enhancement,BRS 39.0,SFT,3901026,2-High,User Documentation,2/2/2016,2/5/2016,Closed
Registration Flow Enhancement,BRS 39.0,SFT,3901029,3-Medium,User Documentation,2/2/2016,2/4/2016,Closed
Registration Flow Enhancement,BRS 39.0,SFT,3901050,3-Medium,Code,2/2/2016,2/9/2016,Closed
