projectName,application,phase,defectId,severity,rootCause,openDate,closedDate,status
FTTH Insulation - Manual,BRS R46.0,SFT,4600432,3-Medium,Code,12/29/2017,1/5/2018,Closed
FTTH Insulation - Manual,BRS R46.0,SFT,4600520,3-Medium,Code,1/8/2018,1/19/2018,Closed
FTTH Insulation - Manual,BRS R46.0,SFT,4600521,3-Medium,Code,1/8/2018,1/19/2018,Closed
FTTH Insulation - Manual,BRS R46.0,SFT,4600522,3-Medium,Code,1/8/2018,1/12/2018,Closed
FTTH Insulation - Manual,BRS R46.0,SFT,4600523,3-Medium,code,1/8/2018,1/10/2018,Closed
FTTH Insulation - Manual,BRS R46.0,SFT,4600524,3-Medium,Code,1/8/2018,1/12/2018,Closed
FTTH Insulation - Manual,BRS R46.0,SFT,4600535,3-Medium,Code,1/9/2018,1/13/2018,Closed
FTTH Insulation - Manual,BRS R46.0,SFT,4600541,3-Medium,Code,1/9/2018,1/12/2018,Closed
FTTH Insulation - Manual,BRS R46.0,SFT,4600565,3-Medium,Environment,1/10/2018,1/11/2018,Closed
FTTH Insulation - Manual,BRS R46.0,SFT,4600587,3-Medium,Code,1/10/2018,1/19/2018,Closed
FTTH Insulation - Manual,BRS R46.0,SFT,4600588,3-Medium,Code,1/10/2018,1/24/2018,Closed
FTTH Insulation - Manual,BRS R46.0,SFT,4600592,3-Medium,Code,1/11/2018,1/17/2018,Closed
FTTH Insulation - Manual,BRS R46.0,SFT,4600608,3-Medium,Database,1/11/2018,1/23/2018,Closed
FTTH Insulation - Manual,BRS R46.0,SFT,4600633,3-Medium,Data,1/11/2018,1/29/2018,Closed
FTTH Insulation - Manual,BRS R46.0,SFT,4600646,3-Medium,Environment,1/12/2018,1/12/2018,Closed
FTTH Insulation - Manual,BRS R46.0,SFT,4600671,3-Medium,Requirements,1/12/2018,1/16/2018,Closed
FTTH Insulation - Manual,BRS R46.0,SFT,4600674,3-Medium,Code,1/13/2018,1/17/2018,Closed
FTTH Insulation - Manual,BRS R46.0,SFT,4600675,3-Medium,Code,1/13/2018,1/17/2018,Closed
FTTH Insulation - Manual,BRS R46.0,SFT,4600678,3-Medium,Environment,1/13/2018,1/16/2018,Closed
FTTH Insulation - Manual,BRS R46.0,SFT,4600679,2-High,Code,1/13/2018,1/17/2018,Closed
FTTH Insulation - Manual,BRS R46.0,SFT,4600685,3-Medium,Build/Package,1/13/2018,1/23/2018,Closed
FTTH Insulation - Manual,BRS R46.0,SFT,4600700,2-High,Database,1/15/2018,1/15/2018,Closed
FTTH Insulation - Manual,BRS R46.0,SFT,4600708,2-High,Code,1/15/2018,1/17/2018,Closed
FTTH Insulation - Manual,BRS R46.0,SFT,4600718,3-Medium,Code,1/15/2018,1/19/2018,Closed
FTTH Insulation - Manual,BRS R46.0,SFT,4600731,3-Medium,Code,1/15/2018,1/18/2018,Closed
FTTH Insulation - Manual,BRS R46.0,SFT,4600727,2-High,Environment,1/16/2018,1/17/2018,Closed
FTTH Insulation - Manual,BRS R46.0,SFT,4600733,3-Medium,Environment,1/16/2018,1/16/2018,Closed
FTTH Insulation - Manual,BRS R46.0,SFT,4600736,3-Medium,User Documentation,1/16/2018,1/17/2018,Closed
FTTH Insulation - Manual,BRS R46.0,SFT,4600751,3-Medium,Environment,1/16/2018,1/18/2018,Closed
FTTH Insulation - Manual,BRS R46.0,SFT,4600755,3-Medium,Environment,1/16/2018,1/17/2018,Closed
FTTH Insulation - Manual,BRS R46.0,SFT,4600779,3-Medium,Code,1/16/2018,1/19/2018,Closed
