projectName,application,phase,defectId,severity,rootCause,openDate,closedDate,status
Manual Regression,BRS R46.0,SFT,4600490,3-Medium,Database,1/5/2018,1/15/2018,Closed
Manual Regression,BRS R46.0,SFT,4600620,3-Medium,Requirements,1/11/2018,1/12/2018,Closed
Manual Regression,BRS R46.0,SFT,4600635,3-Medium,Existing Production Defect,1/12/2018,2/7/2018,Closed
Manual Regression,BRS R46.0,SFT,4600691,3-Medium,Code,1/15/2018,2/2/2018,Closed
Manual Regression,BRS R46.0,SFT,4600722,4-Low,Database,1/15/2018,1/17/2018,Closed
Manual Regression,BRS R46.0,SFT,4600773,3-Medium,Code,1/17/2018,1/23/2018,Closed
Manual Regression,BRS R46.0,SFT,4600860,3-Medium,Database,1/18/2018,1/20/2018,Closed
Manual Regression,BRS R46.0,SFT,4600867,3-Medium,Environment,1/19/2018,1/20/2018,Closed
Manual Regression,BRS R46.0,SFT,4600905,3-Medium,Design,1/19/2018,1/22/2018,Closed
Manual Regression,BRS R46.0,SFT,4600910,3-Medium,Environment,1/19/2018,1/20/2018,Closed
Manual Regression,BRS R46.0,SFT,4600963,3-Medium,Code,1/20/2018,1/23/2018,Closed
Manual Regression,BRS R46.0,SFT,4600965,3-Medium,Code,1/20/2018,1/23/2018,Closed
Manual Regression,BRS R46.0,SFT,4600995,3-Medium,Environment,1/22/2018,1/23/2018,Closed
Manual Regression,BRS R46.0,SFT,4600997,3-Medium,Code,1/22/2018,1/23/2018,Closed
Manual Regression,BRS R46.0,SFT,4600998,3-Medium,Environment,1/22/2018,1/23/2018,Closed
Manual Regression,BRS R46.0,SFT,4601020,3-Medium,Environment,1/22/2018,1/22/2018,Closed
Manual Regression,BRS R46.0,SFT,4601027,3-Medium,Environment,1/22/2018,1/26/2018,Closed
