projectName,application,phase,defectId,severity,rootCause,openDate,closedDate,status
Manual Regression,BRS 39.0,SFT,3900247,3-Medium,Code,1/16/2016,1/18/2016,Closed
Manual Regression,BRS 39.0,SFT,3900296,3-Medium,Code,1/19/2016,1/21/2016,Closed
Manual Regression,BRS 39.0,SFT,3900383,4-Low,Existing Production Defect,1/20/2016,4/12/2016,Closed
Manual Regression,BRS 39.0,SFT,3900390,4-Low,Existing Production Defect,1/20/2016,4/5/2016,Closed
Manual Regression,BRS 39.0,SFT,3900409,2-High,Code,1/21/2016,2/17/2016,Closed
Manual Regression,BRS 39.0,SFT,3900458,4-Low,Existing Production Defect,1/22/2016,4/5/2016,Closed
Manual Regression,BRS 39.0,SFT,3900563,4-Low,Existing Production Defect,1/25/2016,5/5/2016,Closed
Manual Regression,BRS 39.0,SFT,3900573,3-Medium,Existing Production Defect,1/25/2016,5/5/2016,Closed
Manual Regression,BRS 39.0,SFT,3900586,3-Medium,Data,1/25/2016,1/29/2016,Closed
Manual Regression,BRS 39.0,SFT,3900627,3-Medium,Environment,1/27/2016,2/2/2016,Closed
Manual Regression,BRS 39.0,SFT,3900634,3-Medium,Environment,1/27/2016,1/28/2016,Closed
Manual Regression,BRS 39.0,SFT,3900635,3-Medium,Existing Production Defect,1/27/2016,4/12/2016,Closed
Manual Regression,BRS 39.0,SFT,3900657,4-Low,Existing Production Defect,1/27/2016,5/5/2016,Closed
Manual Regression,BRS 39.0,SFT,3900667,3-Medium,User Documentation,1/27/2016,2/2/2016,Closed
Manual Regression,BRS 39.0,SFT,3900733,3-Medium,Environment,1/28/2016,1/30/2016,Closed
Manual Regression,BRS 39.0,SFT,3900752,3-Medium,Environment,1/28/2016,1/30/2016,Closed
Manual Regression,BRS 39.0,SFT,3900761,2-High,Code,1/29/2016,1/30/2016,Closed
Manual Regression,BRS 39.0,SFT,3900765,2-High,Code,1/29/2016,1/30/2016,Closed
Manual Regression,BRS 39.0,SFT,3900780,3-Medium,Existing Production Defect,1/29/2016,4/5/2016,Closed
Manual Regression,BRS 39.0,SFT,3900792,3-Medium,Code,1/29/2016,1/30/2016,Closed
Manual Regression,BRS 39.0,SFT,3900796,2-High,Code,1/29/2016,2/24/2016,Closed
Manual Regression,BRS 39.0,SFT,3900809,3-Medium,User Documentation,1/29/2016,2/3/2016,Closed
