projectNum,projectName,releaseName,application,appVersion,appComplexity,phase,developerTeamSize,testTeamSize,startDate,durationWeeks,noOfExecutedTestCases,maturity,lastModified,counter
1,Seamless Switch Enhancement,All,BRS 43.0,Existing,42.57,SFT,6,23,12/16/2015 5:30,"2,14,19",4000,Level4,7/5/2017 17:45,21
2,Performance Enhancements,All,BRS R46.0,Existing,42.57,SFT,6,23,12/16/2015 5:30,"1,21",4000,Level4,7/5/2017 17:45,21
3,TV Unbundling BBM,All,BRS 39.0,Existing,42.57,E2E,6,23,12/16/2015 5:30,"1,15",4000,Level4,7/5/2017 17:45,21
4,Registration Flow Enhancement,All,BRS 39.0,Existing,42.57,SFT,6,23,12/16/2015 5:30,"1,12",4000,Level4,7/5/2017 17:45,21
5,FTTH Insulation - Manual,All,BRS R46.0,Existing,42.57,SFT,6,23,12/16/2015 5:30,"3,18,6,22",4000,Level4,7/5/2017 17:45,21
6,Manual Regression,All,BRS R46.0,Existing,42.57,SFT,6,23,12/16/2015 5:30,"2,14,18",4000,Level4,7/5/2017 17:45,21
7,Manual Regression,All,BRS 39.0,Existing,42.57,SFT,6,23,12/16/2015 5:30,"2,15,16",4000,Level4,7/5/2017 17:45,21
